{"cameraMode":{"drawMode":0,"name":"Shaded","section":"Shading Mode"},"sceneLighting":true,"audioPlay":false,"sceneViewState":{"showFog":true,"showMaterialUpdate":true,"showSkybox":true,"showFlares":true,"showImageEffects":true,"showParticleSystems":true},"in2DMode":false,"pivot":{"x":13.86343002319336,"y":11.514768600463868,"z":-2.554816246032715},"rotation":{"x":0.24158556759357453,"y":-0.5952633023262024,"z":0.1939661055803299,"w":0.7414007782936096},"size":11.97019100189209,"orthographic":false}