{"cameraMode":{"drawMode":0,"name":"Shaded","section":"Shading Mode"},"sceneLighting":false,"audioPlay":false,"sceneViewState":{"showFog":true,"showMaterialUpdate":false,"showSkybox":false,"showFlares":true,"showImageEffects":true,"showParticleSystems":true},"in2DMode":false,"pivot":{"x":-8.5404052734375,"y":0.7113494873046875,"z":0.142364501953125},"rotation":{"x":0.03921355679631233,"y":-0.7551749348640442,"z":0.04536493867635727,"w":0.6527750492095947},"size":1.500288963317871,"orthographic":true}