{"cameraMode":{"drawMode":0,"name":"Shaded","section":"Shading Mode"},"sceneLighting":false,"audioPlay":false,"sceneViewState":{"showFog":true,"showMaterialUpdate":false,"showSkybox":false,"showFlares":true,"showImageEffects":true,"showParticleSystems":true},"in2DMode":false,"pivot":{"x":-13.6677885055542,"y":0.9325649738311768,"z":-9.297601699829102},"rotation":{"x":-0.1872284710407257,"y":-0.08152852952480316,"z":0.01559471245855093,"w":-0.9788030982017517},"size":4.630643367767334,"orthographic":true}