{"cameraMode":{"drawMode":0,"name":"Shaded","section":"Shading Mode"},"sceneLighting":false,"audioPlay":false,"sceneViewState":{"showFog":true,"showMaterialUpdate":false,"showSkybox":false,"showFlares":true,"showImageEffects":true,"showParticleSystems":true},"in2DMode":false,"pivot":{"x":-12.479999542236329,"y":1.0235440731048585,"z":-9.831852912902832},"rotation":{"x":0.24466967582702638,"y":0.4698251187801361,"z":-0.1373407393693924,"w":0.8369818925857544},"size":1.5015586614608765,"orthographic":false}